
##############################################################################################################
### Init
##############################################################################################################
Init_
Init_End_

##############################################################################################################
### Europe > Portugal
##############################################################################################################

Comm_Home_Europe_Portugal_Porto_
echo "Europe - Portugal - Porto"
Comm_Home_Europe_Portugal_Porto_End_

Comm_Home_Europe_Portugal_Lisboa_
echo "Europe - Portugal - Lisboa"
Comm_Home_Europe_Portugal_Lisboa_End_

Comm_Home_Europe_Portugal_VilaReal_
echo "Europe - Portugal - Vila Real"
Comm_Home_Europe_Portugal_VilaReal_End_

Comm_Home_Europe_Portugal_VianaDoCastelo_
echo "Europe - Portugal - Viana do Castelo"
Comm_Home_Europe_Portugal_VianaDoCastelo_End_

##############################################################################################################
### Europe > Spain
##############################################################################################################

Comm_Home_Europe_Spain_Madrid_
echo "Europe - Spain - Madrid"
Comm_Home_Europe_Spain_Madrid_End_

Comm_Home_Europe_Spain_Barcelona_
echo "Europe - Spain - Barcelona"
Comm_Home_Europe_Spain_Barcelona_End_

Comm_Home_Europe_Spain_Bilbao_
echo "Europe - Spain - Bilbao"
Comm_Home_Europe_Spain_Bilbao_End_

Comm_Home_Europe_Spain_Valencia_
echo "Europe - Spain - Valencia"
Comm_Home_Europe_Spain_Valencia_End_

##############################################################################################################
### Europe > France
##############################################################################################################

Comm_Home_Europe_France_Paris_
echo "Europe - France - Paris"
Comm_Home_Europe_France_Paris_End_

Comm_Home_Europe_France_Lille_
echo "Europe - France - Lille"
Comm_Home_Europe_France_Lille_End_

Comm_Home_Europe_France_Bordeaux_
echo "Europe - France - Bordeaux"
Comm_Home_Europe_France_Bordeaux_End_

Comm_Home_Europe_France_Toulouse_
echo "Europe - France - Toulouse"
Comm_Home_Europe_France_Toulouse_End_

##############################################################################################################
### Europe > Germany
##############################################################################################################

Comm_Home_Europe_Germany_Berlim_
echo "Europe - Germany - Berlim"
Comm_Home_Europe_Germany_Berlim_End_

Comm_Home_Europe_Germany_Frankfourt_
echo "Europe - Germany - Frankfourt"
Comm_Home_Europe_Germany_Frankfourt_End_

Comm_Home_Europe_Germany_Dresden_
echo "Europe - Germany - Dresden"
Comm_Home_Europe_Germany_Dresden_End_

Comm_Home_Europe_Germany_Toulouse_
echo "Europe - Germany - Toulouse"
Comm_Home_Europe_Germany_Toulouse_End_

##############################################################################################################
### America > North America > United States
##############################################################################################################

Comm_Home_America_NorthAmerica_UnitedStates_NewYork_
echo "America - North America - United States - New York"
Comm_Home_America_NorthAmerica_UnitedStates_NewYork_End_

Comm_Home_America_NorthAmerica_UnitedStates_Washigton_
echo "America - North America - United States - Washigton"
Comm_Home_America_NorthAmerica_UnitedStates_Washigton_End_

Comm_Home_America_NorthAmerica_UnitedStates_LosAngeles_
echo "America - North America - United States - Los Angeles"
Comm_Home_America_NorthAmerica_UnitedStates_LosAngeles_End_

Comm_Home_America_NorthAmerica_UnitedStates_Chicago_
echo "America - North America - United States - Chicago"
Comm_Home_America_NorthAmerica_UnitedStates_Chicago_End_

##############################################################################################################
### America > North America > Canada
##############################################################################################################

Comm_Home_America_NorthAmerica_Canada_Montreal_
echo "America - North America - Canada - Montreal"
Comm_Home_America_NorthAmerica_Canada_Montreal_End_

Comm_Home_America_NorthAmerica_Canada_Vancouver_
echo "America - North America - Canada - Vancouver"
Comm_Home_America_NorthAmerica_Canada_Vancouver_End_

Comm_Home_America_NorthAmerica_Canada_Regina_
echo "America - North America - Canada - Regina"
Comm_Home_America_NorthAmerica_Canada_Regina_End_

Comm_Home_America_NorthAmerica_Canada_Calgary_
echo "America - North America - Canada - Calgary"
Comm_Home_America_NorthAmerica_Canada_Calgary_End_

##############################################################################################################
### America > Central America > Mexico
##############################################################################################################

Comm_Home_America_CentralAmerica_Mexico_Tampico_
echo "America - Central America - Mexico - Tampico"
Comm_Home_America_CentralAmerica_Mexico_Tampico_End_

Comm_Home_America_CentralAmerica_Mexico_Parral_
echo "America - Central America - Mexico - Parral"
Comm_Home_America_CentralAmerica_Mexico_Parral_End_

Comm_Home_America_CentralAmerica_Mexico_Navojoa_
echo "America - Central America - Mexico - Navojoa"
Comm_Home_America_CentralAmerica_Mexico_Navojoa_End_

Comm_Home_America_CentralAmerica_Mexico_Chihuahua_
echo "America - Central America - Mexico - Chihuahua"
Comm_Home_America_CentralAmerica_Mexico_Chihuahua_End_

##############################################################################################################
### America > Central America > Guatemala
##############################################################################################################

Comm_Home_America_CentralAmerica_Guatemala_Retalhuleu_
echo "America - Central America - Guatemala - Retalhuleu"
Comm_Home_America_CentralAmerica_Guatemala_Retalhuleu_End_

Comm_Home_America_CentralAmerica_Guatemala_Coban_
echo "America - Central America - Guatemala - Cobán"
Comm_Home_America_CentralAmerica_Guatemala_Coban_End_

Comm_Home_America_CentralAmerica_Guatemala_Huehuetenango_
echo "America - Central America - Guatemala - Huehuetenango"
Comm_Home_America_CentralAmerica_Guatemala_Huehuetenango_End_

Comm_Home_America_CentralAmerica_Guatemala_Nebaj_
echo "America - Central America - Guatemala - Nebaj"
Comm_Home_America_CentralAmerica_Guatemala_Nebaj_End_

##############################################################################################################
### America > Central America > Honduras
##############################################################################################################

Comm_Home_America_CentralAmerica_Honduras_SanPedroSula_
echo "America - Central America - Honduras - San Pedro Sula"
Comm_Home_America_CentralAmerica_Honduras_SanPedroSula_End_

Comm_Home_America_CentralAmerica_Honduras_Tegucigalpa_
echo "America - Central America - Honduras - Tegucigalpa"
Comm_Home_America_CentralAmerica_Honduras_Tegucigalpa_End_

Comm_Home_America_CentralAmerica_Honduras_Danli_
echo "America - Central America - Honduras - Danli"
Comm_Home_America_CentralAmerica_Honduras_Danli_End_

Comm_Home_America_CentralAmerica_Honduras_Juticalpa_
echo "America - Central America - Honduras - Juticalpa"
Comm_Home_America_CentralAmerica_Honduras_Juticalpa_End_

##############################################################################################################
### America > Central America > Nicaragua
##############################################################################################################

Comm_Home_America_CentralAmerica_Nicaragua_Matagalpa_
echo "America - Central America - Nicaragua - Matagalpa"
Comm_Home_America_CentralAmerica_Nicaragua_Matagalpa_End_

Comm_Home_America_CentralAmerica_Nicaragua_Camoapa_
echo "America - Central America - Nicaragua - Camoapa"
Comm_Home_America_CentralAmerica_Nicaragua_Camoapa_End_

Comm_Home_America_CentralAmerica_Nicaragua_Acoyapa_
echo "America - Central America - Nicaragua - Acoyapa"
Comm_Home_America_CentralAmerica_Nicaragua_Acoyapa_End_

Comm_Home_America_CentralAmerica_Nicaragua_Managua_
echo "America - Central America - Nicaragua - Managua"
Comm_Home_America_CentralAmerica_Nicaragua_Managua_End_

##############################################################################################################
### America > Central America > Costa Rica
##############################################################################################################

Comm_Home_America_CentralAmerica_CostaRica_Alajuela_
echo "America - Central America - Costa Rica - Alajuela"
Comm_Home_America_CentralAmerica_CostaRica_Alajuela_End_

Comm_Home_America_CentralAmerica_CostaRica_Liberia_
echo "America - Central America - Costa Rica - Liberia"
Comm_Home_America_CentralAmerica_CostaRica_Liberia_End_

Comm_Home_America_CentralAmerica_CostaRica_Golfito_
echo "America - Central America - Costa Rica - Golfito"
Comm_Home_America_CentralAmerica_CostaRica_Golfito_End_

Comm_Home_America_CentralAmerica_CostaRica_Nicoya_
echo "America - Central America - Costa Rica - Nicoya"
Comm_Home_America_CentralAmerica_CostaRica_Nicoya_End_

##############################################################################################################
### America > South America > Brasil
##############################################################################################################

Comm_Home_America_SouthAmerica_Brasil_SaoPaulo_
echo "America - South America - Brasil - SaoPaulo"
Comm_Home_America_SouthAmerica_Brasil_SaoPaulo_End_

Comm_Home_America_SouthAmerica_Brasil_RioDeJaneiro_
echo "America - South America - Brasil - RioDeJaneiro"
Comm_Home_America_SouthAmerica_Brasil_RioDeJaneiro_End_

Comm_Home_America_SouthAmerica_Brasil_Curitiba_
echo "America - South America - Brasil - Curitiba"
Comm_Home_America_SouthAmerica_Brasil_Curitiba_End_

Comm_Home_America_SouthAmerica_Brasil_Salvador_
echo "America - South America - Brasil - Salvador"
Comm_Home_America_SouthAmerica_Brasil_Salvador_End_

##############################################################################################################
### America > South America > Peru
##############################################################################################################

Comm_Home_America_SouthAmerica_Peru_Lima_
echo "America - South America - Peru - Lima"
Comm_Home_America_SouthAmerica_Peru_Lima_End_

Comm_Home_America_SouthAmerica_Peru_Trujillo_
echo "America - South America - Peru - Trujillo"
Comm_Home_America_SouthAmerica_Peru_Trujillo_End_

Comm_Home_America_SouthAmerica_Peru_Tarapoto_
echo "America - South America - Peru - Tarapoto"
Comm_Home_America_SouthAmerica_Peru_Tarapoto_End_

Comm_Home_America_SouthAmerica_Peru_Pucallpa_
echo "America - South America - Peru - Pucallpa"
Comm_Home_America_SouthAmerica_Peru_Pucallpa_End_

##############################################################################################################
### America > South America > Argentina
##############################################################################################################

Comm_Home_America_SouthAmerica_Argentina_Cordoba_
echo "America - South America - Argentina - Córdoba"
Comm_Home_America_SouthAmerica_Argentina_Cordoba_End_

Comm_Home_America_SouthAmerica_Argentina_Rosario_
echo "America - South America - Argentina - Rosario"
Comm_Home_America_SouthAmerica_Argentina_Rosario_End_

Comm_Home_America_SouthAmerica_Argentina_Mendoza_
echo "America - South America - Argentina - Mendoza"
Comm_Home_America_SouthAmerica_Argentina_Mendoza_End_

Comm_Home_America_SouthAmerica_Argentina_BuenosAires_
echo "America - South America - Argentina - Buenos Aires"
Comm_Home_America_SouthAmerica_Argentina_BuenosAires_End_

##############################################################################################################
### America > South America > Uruguai
##############################################################################################################

Comm_Home_America_SouthAmerica_Uruguai_Montevideo_
echo "America - South America - Uruguai - Montevideo"
Comm_Home_America_SouthAmerica_Uruguai_Montevideo_End_

Comm_Home_America_SouthAmerica_Uruguai_Durazno_
echo "America - South America - Uruguai - Durazno"
Comm_Home_America_SouthAmerica_Uruguai_Durazno_End_

Comm_Home_America_SouthAmerica_Uruguai_Lascano_
echo "America - South America - Uruguai - Lascano"
Comm_Home_America_SouthAmerica_Uruguai_Lascano_End_

Comm_Home_America_SouthAmerica_Uruguai_AguasBuenas_
echo "America - South America - Uruguai - Aguas Buenas"
Comm_Home_America_SouthAmerica_Uruguai_AguasBuenas_End_

##############################################################################################################
### Asia > China
##############################################################################################################

Comm_Home_Asia_China_Beijing_
echo "Asia - China - Beijing"
Comm_Home_Asia_China_Beijing_End_

Comm_Home_Asia_China_Shanghai_
echo "Asia - China - Shanghai"
Comm_Home_Asia_China_Shanghai_End_

Comm_Home_Asia_China_Chengdu_
echo "Asia - China - Chengdu"
Comm_Home_Asia_China_Chengdu_End_

Comm_Home_Asia_China_Hangzhou_
echo "Asia - China - Hangzhou"
Comm_Home_Asia_China_Hangzhou_End_

##############################################################################################################
### Asia > India
##############################################################################################################

Comm_Home_Asia_India_Nagpur_
echo "Asia - India - Nagpur"
Comm_Home_Asia_India_Nagpur_End_

Comm_Home_Asia_India_Pune_
echo "Asia - India - Pune"
Comm_Home_Asia_India_Pune_End_

Comm_Home_Asia_India_Kolkata_
echo "Asia - India - Kolkata"
Comm_Home_Asia_India_Kolkata_End_

Comm_Home_Asia_India_Jaipur_
echo "Asia - India - Jaipur"
Comm_Home_Asia_India_Jaipur_End_

##############################################################################################################
### Asia > Thailand
##############################################################################################################

Comm_Home_Asia_Thailand_Bangkok_
echo "Asia - Thailand - Bangkok"
Comm_Home_Asia_Thailand_Bangkok_End_

Comm_Home_Asia_Thailand_BuriRam_
echo "Asia - Thailand - Buri Ram"
Comm_Home_Asia_Thailand_BuriRam_End_

Comm_Home_Asia_Thailand_Phitsanulok_
echo "Asia - Thailand - Phitsanulok"
Comm_Home_Asia_Thailand_Phitsanulok_End_

Comm_Home_Asia_Thailand_Kalasin_
echo "Asia - Thailand - Kalasin"
Comm_Home_Asia_Thailand_Kalasin_End_

##############################################################################################################
### Asia > Cambodia
##############################################################################################################

Comm_Home_Asia_Cambodia_KrongSiemReap_
echo "Asia - Cambodia - Krong Siem Reap"
Comm_Home_Asia_Cambodia_KrongSiemReap_End_

Comm_Home_Asia_Cambodia_PhnomPenh_
echo "Asia - Cambodia - Phnom Penh"
Comm_Home_Asia_Cambodia_PhnomPenh_End_

Comm_Home_Asia_Cambodia_KrabeiChrum_
echo "Asia - Cambodia - Krabei Chrum"
Comm_Home_Asia_Cambodia_KrabeiChrum_End_

Comm_Home_Asia_Cambodia_Sangkum_
echo "Asia - Cambodia - Sangkum"
Comm_Home_Asia_Cambodia_Sangkum_End_

##############################################################################################################
### Africa > Angola
##############################################################################################################

Comm_Home_Africa_Angola_Luanda_
echo "Africa - Angola - Luanda"
Comm_Home_Africa_Angola_Luanda_End_

Comm_Home_Africa_Angola_Lobito_
echo "Africa - Angola - Lobito"
Comm_Home_Africa_Angola_Lobito_End_

Comm_Home_Africa_Angola_Huambo_
echo "Africa - Angola - Huambo"
Comm_Home_Africa_Angola_Huambo_End_

Comm_Home_Africa_Angola_Lubango_
echo "Africa - Angola - Lubango"
Comm_Home_Africa_Angola_Lubango_End_

##############################################################################################################
### Africa > Mozambique
##############################################################################################################

Comm_Home_Africa_Mozambique_Beira_
echo "Africa - Mozambique - Beira"
Comm_Home_Africa_Mozambique_Beira_End_

Comm_Home_Africa_Mozambique_Maputo_
echo "Africa - Mozambique - Maputo"
Comm_Home_Africa_Mozambique_Maputo_End_

Comm_Home_Africa_Mozambique_Quelimane_
echo "Africa - Mozambique - Quelimane"
Comm_Home_Africa_Mozambique_Quelimane_End_

Comm_Home_Africa_Mozambique_Chimoio_
echo "Africa - Mozambique - Chimoio"
Comm_Home_Africa_Mozambique_Chimoio_End_

##############################################################################################################
### Africa > Congo
##############################################################################################################

Comm_Home_Africa_Congo_Tshikapa_
echo "Africa - Congo - Tshikapa"
Comm_Home_Africa_Congo_Tshikapa_End_

Comm_Home_Africa_Congo_Kananga_
echo "Africa - Congo - Kananga"
Comm_Home_Africa_Congo_Kananga_End_

Comm_Home_Africa_Congo_Lodja_
echo "Africa - Congo - Lodja"
Comm_Home_Africa_Congo_Lodja_End_

Comm_Home_Africa_Congo_Kabalo_
echo "Africa - Congo - Kabalo"
Comm_Home_Africa_Congo_Kabalo_End_

##############################################################################################################
### Africa > South Africa
##############################################################################################################

=== Menu > Home > Africa > South Africa =======================
Pretoria......................................................1 Comm_Home_Africa_SouthAfrica_Pretoria_
Johannesburg..................................................2 Comm_Home_Africa_SouthAfrica_Johannesburg_
Kimberley.....................................................3 Comm_Home_Africa_SouthAfrica_Kimberley_
Bloemfontein..................................................4 Comm_Home_Africa_SouthAfrica_Bloemfontein_


Comm_Home_Africa_SouthAfrica_Pretoria_
echo "Africa - South Africa - Pretoria"
Comm_Home_Africa_SouthAfrica_Pretoria_End_

Comm_Home_Africa_SouthAfrica_Johannesburg_
echo "Africa - South Africa - Johannesburg"
Comm_Home_Africa_SouthAfrica_Johannesburg_End_

Comm_Home_Africa_SouthAfrica_Kimberley_
echo "Africa - South Africa - Kimberley"
Comm_Home_Africa_SouthAfrica_Kimberley_End_

Comm_Home_Africa_SouthAfrica_Bloemfontein_
echo "Africa - South Africa - Bloemfontein"
Comm_Home_Africa_SouthAfrica_Bloemfontein_End_

##############################################################################################################
##############################################################################################################
##############################################################################################################
